ID_Pasajero,Pasajero,Edad
596,Javier Olson,71
625,Monique Ramirez,35
637,Rob Beeghly,29
730,Timothy Moore,21
682,Scot Wooten,72
742,Lori Lopez,39
682,Scot Wooten,72
701,Linda Walker,72
682,Scot Wooten,72
637,Rob Beeghly,29
682,Scot Wooten,72
717,Chad Wise,69
682,Scot Wooten,72
619,Timothy Adkins,66
714,Sheena Morgan,56
570,Erik Wheeler,30
698,Bridget Lopez,27
741,Jennifer Neal,31
723,Henry Griffin,68
38,Anemone Ratner,39
723,Henry Griffin,68
38,Anemone Ratner,39
38,Anemone Ratner,39
682,Scot Wooten,72
730,Timothy Moore,21
38,Anemone Ratner,39
709,Daniel Rodriguez,49
566,Neola Schneider,75
693,Shahid Shariari,67
550,Christopher Bridges,54
714,Sheena Morgan,56
582,Brandon Harris,68
582,Jesse Melton,23
38,Anemone Ratner,39
671,David Lee,62
560,Carrie Moody,37
637,Rob Beeghly,29
701,Linda Walker,72
669,Jason Crane,32
550,Christopher Bridges,54
38,Anemone Ratner,39
627,Jordan English,52
712,Scott Knox,46
682,Scot Wooten,72
570,Joshua Smith,49
627,Jordan English,52
38,Anemone Ratner,39
716,Kelly Johnson,36
598,Patricia Goodman,46
191,Dan Reichenbach,55
729,Kendra Daniel,59
682,Scot Wooten,72
717,Billy Whitney,37
742,Jessica Lewis,43
682,Scot Wooten,72
716,Kelly Johnson,36
693,Shahid Shariari,67
742,Jessica Lewis,43
693,Shahid Shariari,67
570,Erik Wheeler,30
627,Jordan English,52
38,Anemone Ratner,39
562,Zachary White,49
598,Patricia Goodman,46
38,Anemone Ratner,39
562,Edward Klein,47
730,Timothy Moore,21
671,David Lee,62
582,Jesse Melton,23
698,Bridget Lopez,27
582,Brandon Harris,68
714,Sheena Morgan,56
582,Brandon Harris,68
682,Scot Wooten,72
658,April Wiggins,21
669,Jason Crane,32
402,Julia Barnett,33
669,Jason Crane,32
693,Shahid Shariari,67
560,Carrie Moody,37
38,Anemone Ratner,39
682,Scot Wooten,72
693,Shahid Shariari,67
712,Scott Knox,46
693,Shahid Shariari,67
682,Scot Wooten,72
570,Erik Wheeler,30
570,Erik Wheeler,30
637,Rob Beeghly,29
715,Justin Martin,48
582,Brandon Harris,68
712,Scott Knox,46
698,Bridget Lopez,27
637,Rob Beeghly,29
191,Dan Reichenbach,55
709,Daniel Rodriguez,49
717,Chad Wise,69
717,Billy Whitney,37
715,Justin Martin,48
729,Kendra Daniel,59
